source_id,source_name,source_url,dataset_name,source_tier,years_covered,approx_records,license_type,attribution_required,academic_compatibility,restrictions,limitations,supported_databases,supported_collections,verification_decision
SRC-01,Recording Academy (NARAS),https://www.grammy.com/awards,Official GRAMMY Awards Archive,PRIMARY OFFICIAL SOURCE,1958-2025,25000+ nominations / 9000+ wins,Public Domain Historical Facts / Educational Fair Use,Yes ("Data compiled from official Recording Academy archives"),Compatible (Academic Research),Non-commercial use only; No trademark branding,Requires web extraction; no direct bulk CSV export,grammy_history_db;grammy_categories_db;grammy_nominations_db;grammy_winners_db,ceremonies;venues;historic_milestones;lifetime_achievement_honors;award_fields;award_categories;category_lineage;discontinued_categories;nomination_entries;nominated_works;tied_nominations;winner_records,APPROVED_WITH_ATTRIBUTION
SRC-02,Recording Academy Governance,https://www.grammy.com/rules-voting-process,Official Awards Rules & Voting Guidelines,PRIMARY OFFICIAL SOURCE,2010-2025 (with retrospective clauses),Complete governance rules for 94 categories,Educational Fair Use / Regulatory Specifications,Yes ("Official Recording Academy Rules & Guidelines"),Compatible (Non-profit University Course),Confidential voting totals not disclosed,Historical rules pre-1990 derived from retrospectives,grammy_categories_db;grammy_nominations_db,eligibility_rules;voting_procedures;category_quotas_limits;craft_credit_definitions;special_merit_categories;submission_batches;voter_screening_batches;nomination_audit_logs,APPROVED_WITH_ATTRIBUTION
SRC-03,MetaBrainz Foundation,https://musicbrainz.org,MusicBrainz Core Database Dump,SECONDARY OPEN DATA,1900-Present,2.3M+ artists / 3.8M+ releases / 28M+ recordings,CC0 1.0 Universal (Core Data) / CC BY-NC-SA 3.0 (Supplementary),Optional under CC0 (Recommended for academic citation),Compatible (Unrestricted Academic Use),REST API rate limit 1 req/sec; User-Agent required,Does not track internal GRAMMY committee proceedings,grammy_creators_db;grammy_nominations_db,artists;producers;audio_engineers;songwriters_composers;arrangers_conductors;record_labels;musical_groups;group_memberships;creator_collaborations;creator_discographies;nominated_works;nomination_credits,APPROVED
SRC-04,Wikimedia Foundation,https://www.wikidata.org,Wikidata Entity Graph (Q7191 Grammy Awards),SECONDARY OPEN DATA,1959-2025,100000+ award statements,CC0 1.0 Universal Public Domain Dedication,None mandated (Citation recommended),Compatible (Unrestricted Academic Use),SPARQL endpoint timeout 60 seconds; batch throttling,Crowdsourced; secondary craft credits have sparser coverage,grammy_creators_db;grammy_winners_db;grammy_history_db,artists;musical_groups;group_memberships;winner_records;big_four_sweeps;hall_of_fame_inductions;posthumous_awards;ceremonies;venues;ceremony_hosts,APPROVED
SRC-05,Kaggle (Robyn Ritchie / unanimad),https://www.kaggle.com/datasets/unanimad/grammy-awards,The Grammy Awards Dataset,SECONDARY OPEN DATA,1958-2019,4810 records across 61 ceremonies,CC0: Public Domain,None mandated (Citation recommended),Compatible (Public Domain Academic Benchmark),None,Stops at 2019; lacks granular engineering credits,grammy_history_db;grammy_categories_db;grammy_nominations_db;grammy_winners_db,ceremonies;award_categories;nomination_entries;winner_records,APPROVED
SRC-06,Kaggle (KenmoreToast),https://www.kaggle.com/datasets/unanimad/grammy-awards,Grammy Award Nominees and Winners 1958-2024,SECONDARY OPEN DATA,1958-2024,9500+ nominee and winner records,CC BY-NC 4.0 (Attribution-NonCommercial),Yes (Formal citation to KenmoreToast & CC BY-NC 4.0),Compatible (Non-commercial Academic Use Only),Strictly prohibited from commercial use,Text credits require string parsing and disaggregation,grammy_nominations_db;grammy_winners_db,nomination_entries;first_time_nominees;winner_records;consecutive_winners,APPROVED_WITH_ATTRIBUTION
SRC-07,Kaggle (Iskander Lou),https://www.kaggle.com/datasets/iskanderlou/grammy-awards-2025,Grammy Awards 2025 Dataset,SECONDARY OPEN DATA,2024-2025,450+ nomination entries,CC BY 4.0 (Creative Commons Attribution 4.0),Yes (Formal attribution to Iskander Lou),Compatible (Academic Research),Attribution required upon distribution,Single-year snapshot (67th Annual Awards only),grammy_history_db;grammy_categories_db;grammy_nominations_db;grammy_winners_db,ceremonies;award_categories;nomination_entries;winner_records,APPROVED_WITH_ATTRIBUTION
SRC-08,Nielsen Media Research / Variety TV Archives,https://www.nielsen.com,GRAMMY Telecast Ratings & Broadcaster Archives,PRIMARY OFFICIAL SOURCE,1970-2024,55 broadcast editions,Public Historical Broadcast Facts / Fair Use,Yes (Cite Nielsen Media Research & broadcaster logs),Compatible (Historical Academic Analysis),Proprietary real-time data cannot be accessed; historical summaries permitted,Pre-1970 rating metrics are incomplete in early broadcasts,grammy_history_db,telecast_broadcasters;viewership_ratings;ceremony_hosts;press_media_accreditations,APPROVED_WITH_ATTRIBUTION
SRC-09,GitHub (reisanar / datasets),https://raw.githubusercontent.com/reisanar/datasets/master/grammyDB.csv,grammyDB.csv,SECONDARY OPEN DATA,1958-2019,4810 records,NEEDS_REVIEW (No explicit license file in repository),Cite author reisanar,Ambiguous (Default copyright applies in absence of license),Unlicensed public repository; cannot assume permissive redistribution,Unverified provenance; duplicate of unanimad Kaggle set,Reference Benchmark Only,nomination_entries (reference benchmark only),NEEDS_REVIEW
SRC-10,GRAMMY System Analytical Engine,Internal Project Computation,GRAMMY Analytics Synthesized Aggregates,DERIVED DATA,1959-2025,1500+ calculated aggregate documents,Project MIT License (Academic DBMS),System citation,Compatible (Self-authored),Internal algorithmic pipelines,Computed from primary base facts via aggregation pipelines,grammy_categories_db;grammy_nominations_db;grammy_winners_db;grammy_creators_db,merged_split_history;genre_classifications;multi_nomination_packages;big_four_sweeps;record_breakers;consecutive_winners;historic_win_benchmarks;acceptance_speeches;trophy_tracking;winner_press_releases;creator_collaborations;timeline_historical_eras;academy_leadership,APPROVED
