database_name,collection_name,purpose,entity_represented,data_source,expected_record_count,fifty_plus_documents_feasible,expected_fields_count,ten_plus_fields_feasible,primary_identifier,foreign_reference_identifiers,source_provenance,data_tier,feasibility_status
grammy_history_db,ceremonies,Master historical registry of GRAMMY Award ceremony editions,CeremonyEdition,SRC-01;SRC-05;SRC-07,67 ceremonies (1959-2025),YES,11,YES,ceremony_id,venue_id,Recording Academy Official Archives,SOURCE DATA,FEASIBLE_VERIFIED
grammy_history_db,venues,Geographic and architectural profiles of arenas and halls,CeremonyVenue,SRC-01;SRC-04,60+ venues and pavilions,YES,10,YES,venue_id,None,Recording Academy Event Archives / Wikidata,SOURCE DATA,FEASIBLE_VERIFIED
grammy_history_db,telecast_broadcasters,Media broadcast networks and transmission standards,BroadcastNetworkProfile,SRC-08,50+ network contract periods and feeds,YES,10,YES,broadcaster_id,None,Nielsen Media / Broadcaster Press Logs,SOURCE DATA,FEASIBLE_VERIFIED
grammy_history_db,viewership_ratings,Longitudinal Nielsen ratings and audience metrics,CeremonyViewershipMetric,SRC-08,55+ televised ceremonies,YES,10,YES,rating_id,ceremony_id,Nielsen Media Research Historical Archives,SOURCE DATA,FEASIBLE_VERIFIED
grammy_history_db,ceremony_hosts,Masters of ceremonies and broadcast hosts,CeremonyHostAppearance,SRC-01;SRC-08,70+ host engagements,YES,10,YES,host_id,ceremony_id;creator_id,Recording Academy Telecast Credits,SOURCE DATA,FEASIBLE_VERIFIED
grammy_history_db,historic_milestones,Landmark cultural and technological events in GRAMMY history,HistoricMilestone,SRC-01;SRC-04,65+ landmark milestones,YES,10,YES,milestone_id,ceremony_id,Recording Academy Official Timeline,SOURCE DATA,FEASIBLE_VERIFIED
grammy_history_db,timeline_historical_eras,Chronological epochs across 6 decades of popular music,HistoricalEraPeriod,SRC-10;SRC-01,50+ era subdivisions and musical waves,YES,10,YES,era_id,None,Musicological Era Classifications / Academy Archives,DERIVED DATA,FEASIBLE_VERIFIED
grammy_history_db,academy_leadership,Trustees and presidents directing Academy governance,AcademyLeaderTenure,SRC-01;SRC-10,60+ leadership tenures,YES,10,YES,leadership_id,None,Recording Academy Governance Records,SOURCE DATA,FEASIBLE_VERIFIED
grammy_history_db,press_media_accreditations,Media organizations and broadcast press passes,MediaAccreditationPass,SRC-08;SRC-01,65+ accredited press organizations,YES,10,YES,accreditation_id,ceremony_id,Recording Academy Communications Archives,SOURCE DATA,FEASIBLE_VERIFIED
grammy_history_db,lifetime_achievement_honors,Special Merit Lifetime Achievement Award honorees,LifetimeAchievementAward,SRC-01;SRC-04,180+ lifetime achievement honorees,YES,10,YES,honor_id,ceremony_id;creator_id,Recording Academy Special Merit Roster,SOURCE DATA,FEASIBLE_VERIFIED
grammy_categories_db,award_fields,Broad genre umbrella categories and committees,AwardFieldDomain,SRC-01;SRC-02,50+ historical and modern fields,YES,10,YES,field_id,None,Recording Academy Awards Guidelines,SOURCE DATA,FEASIBLE_VERIFIED
grammy_categories_db,award_categories,Specific competitive award categories across all eras,AwardCategory,SRC-01;SRC-05;SRC-07,550+ distinct historical categories,YES,10,YES,category_id,field_id,Official Recording Academy Category Registry,SOURCE DATA,FEASIBLE_VERIFIED
grammy_categories_db,category_lineage,Genealogical tree tracking how categories evolved,CategoryLineageNode,SRC-01;SRC-02,120+ historical lineage nodes,YES,10,YES,lineage_id,current_category_id;ancestor_category_id,Academy Category Rulebooks,SOURCE DATA,FEASIBLE_VERIFIED
grammy_categories_db,eligibility_rules,Formal qualification standards for submitted recordings,CategoryEligibilityRule,SRC-02,75+ eligibility rule clauses,YES,10,YES,rule_id,field_id,Recording Academy Awards Guidelines,SOURCE DATA,FEASIBLE_VERIFIED
grammy_categories_db,voting_procedures,Voting stages and balloting algorithms across eras,VotingProcedureProtocol,SRC-02,55+ voting procedural configs,YES,10,YES,procedure_id,field_id,Recording Academy Voting Procedures Manual,SOURCE DATA,FEASIBLE_VERIFIED
grammy_categories_db,category_quotas_limits,Statutory caps on nominee counts and member ballots,CategoryQuotaParameter,SRC-02;SRC-10,65+ quota parameter definitions,YES,10,YES,quota_id,category_id,Academy Regulatory Rules,DERIVED DATA,FEASIBLE_VERIFIED
grammy_categories_db,craft_credit_definitions,Academy standards determining statuette-eligible roles,CraftCreditRuleDefinition,SRC-02,55+ craft credit benchmarks,YES,10,YES,credit_def_id,category_id,Recording Academy Craft Committee Guidelines,SOURCE DATA,FEASIBLE_VERIFIED
grammy_categories_db,discontinued_categories,Retired award categories with deactivation rationale,DiscontinuedCategoryAudit,SRC-01;SRC-02,85+ retired award categories,YES,10,YES,discontinued_id,category_id;successor_category_id,Academy Category Retirement Records,SOURCE DATA,FEASIBLE_VERIFIED
grammy_categories_db,merged_split_history,Historical re-alignments where categories merged or split,CategoryReorganizationEvent,SRC-01;SRC-10,55+ reorganization events,YES,10,YES,reorg_id,source_category_ids;target_category_ids,Academy Reorganization Announcements,DERIVED DATA,FEASIBLE_VERIFIED
grammy_categories_db,special_merit_categories,Governance standards for honorary and non-competitive awards,SpecialMeritCategoryDefinition,SRC-01;SRC-02,50+ special merit standards,YES,10,YES,special_category_id,None,Special Merit Committee Charters,SOURCE DATA,FEASIBLE_VERIFIED
grammy_nominations_db,nomination_entries,Canonical official nomination ballots across all years,NominationEntry,SRC-01;SRC-05;SRC-06,25000+ historical nominations,YES,10,YES,nomination_id,ceremony_id;category_id;work_id;primary_artist_id,Official Recording Academy Nomination Rolls,SOURCE DATA,FEASIBLE_VERIFIED
grammy_nominations_db,nominated_works,Creative musical works nominated for awards,NominatedMusicalWork,SRC-01;SRC-03,15000+ musical works,YES,10,YES,work_id,primary_record_label_id,MusicBrainz / Recording Academy,SOURCE DATA,FEASIBLE_VERIFIED
grammy_nominations_db,nomination_credits,Disaggregated creative contributors for each nomination,NominationCreditRoster,SRC-01;SRC-03,40000+ credit links,YES,10,YES,credit_id,nomination_id;creator_id,Recording Academy Nominee Credit Booklets,SOURCE DATA,FEASIBLE_VERIFIED
grammy_nominations_db,submission_batches,Record label and member submission intake batches,IntakeSubmissionBatch,SRC-02;SRC-10,65+ intake batches,YES,10,YES,batch_id,ceremony_id,Academy Awards Intake Logs,SOURCE DATA,FEASIBLE_VERIFIED
grammy_nominations_db,voter_screening_batches,Screening committee review sessions vetting entries,ScreeningCommitteeSession,SRC-02;SRC-10,60+ screening sessions,YES,10,YES,session_id,ceremony_id;field_id,Academy Screening Committee Logs,SOURCE DATA,FEASIBLE_VERIFIED
grammy_nominations_db,tied_nominations,Ballot ties producing expanded nominee fields,TiedNominationEvent,SRC-01;SRC-06,50+ historical tie events,YES,10,YES,tie_id,ceremony_id;category_id;tied_nominee_ids,Recording Academy Official Ballot Announcements,SOURCE DATA,FEASIBLE_VERIFIED
grammy_nominations_db,nomination_audit_logs,Independent accounting firm ballot tabulations,BallotAuditLogRecord,SRC-02;SRC-10,67+ ceremony audit log records,YES,10,YES,audit_id,ceremony_id,Deloitte / PwC Audit Certification Reports,SOURCE DATA,FEASIBLE_VERIFIED
grammy_nominations_db,genre_classifications,Multi-dimensional genre taxonomy tagging of works,WorkGenreClassification,SRC-03;SRC-10,500+ genre mappings for works,YES,10,YES,classification_id,work_id,MusicBrainz / Craft Committee Taxonomies,SECONDARY OPEN DATA,FEASIBLE_VERIFIED
grammy_nominations_db,first_time_nominees,Breakthrough artists receiving maiden career nominations,MaidenNominationEvent,SRC-06;SRC-10,350+ breakout artist nominations,YES,10,YES,first_nom_id,creator_id;nomination_id;ceremony_id;category_id,Longitudinal Analysis of Official Nomination Rolls,DERIVED DATA,FEASIBLE_VERIFIED
grammy_nominations_db,multi_nomination_packages,Works nominated across multiple categories in single year,MultiNominationPackage,SRC-10,250+ multi-nominated works,YES,10,YES,package_id,work_id;ceremony_id;primary_artist_id,Derived Cross-Category Aggregations,DERIVED DATA,FEASIBLE_VERIFIED
grammy_winners_db,winner_records,Official verified award winners across all categories,AwardWinnerRecord,SRC-01;SRC-05;SRC-06,9000+ historical winners,YES,10,YES,winner_id,nomination_id;ceremony_id;category_id;work_id;primary_artist_id,Official Recording Academy Award Winners Archive,SOURCE DATA,FEASIBLE_VERIFIED
grammy_winners_db,big_four_sweeps,Historical sweeps across the General Field,GeneralFieldSweepEvent,SRC-01;SRC-10,50+ General Field sweep milestones,YES,10,YES,sweep_id,ceremony_id;creator_id;work_id,Derived Aggregation of Winner Records,DERIVED DATA,FEASIBLE_VERIFIED
grammy_winners_db,record_breakers,All-time historical GRAMMY records and milestones,HistoricalRecordBenchmark,SRC-01;SRC-10,60+ historical milestone records,YES,10,YES,record_id,creator_id;ceremony_established_id;previous_record_holder_id,Official Recording Academy Record Book,DERIVED DATA,FEASIBLE_VERIFIED
grammy_winners_db,acceptance_speeches,Transcriptions and metadata of acceptance speeches,AcceptanceSpeechTranscript,SRC-01;SRC-08;SRC-10,85+ historical acceptance speeches,YES,10,YES,speech_id,winner_id;speaker_creator_id,Recording Academy Telecast Transcripts,SOURCE DATA,FEASIBLE_VERIFIED
grammy_winners_db,trophy_tracking,Physical statuette manufacturing and shipment logistics,PhysicalTrophyFulfillment,SRC-01;SRC-10,120+ statuettes tracked,YES,10,YES,trophy_serial_no,winner_id,John Billings Casting / Awards Logistics,SOURCE DATA,FEASIBLE_VERIFIED
grammy_winners_db,consecutive_winners,Multi-year back-to-back winners across ceremonies,ConsecutiveVictoryStreak,SRC-06;SRC-10,55+ consecutive victory streaks,YES,10,YES,streak_id,creator_id;category_id;start_ceremony_id;end_ceremony_id,Time-series Analytics over Winner Records,DERIVED DATA,FEASIBLE_VERIFIED
grammy_winners_db,hall_of_fame_inductions,Historic recordings inducted into GRAMMY Hall of Fame,HallOfFameInductee,SRC-01;SRC-04,1150+ inducted recordings,YES,10,YES,induction_id,creator_id;original_record_label_id,Official GRAMMY Hall of Fame Catalog,SOURCE DATA,FEASIBLE_VERIFIED
grammy_winners_db,posthumous_awards,Honors bestowed after the death of the awarded artist,PosthumousHonorBestowal,SRC-01;SRC-04,75+ posthumous honors,YES,10,YES,posthumous_id,winner_id;deceased_creator_id,Recording Academy Archival Records,SOURCE DATA,FEASIBLE_VERIFIED
grammy_winners_db,historic_win_benchmarks,Aggregated historical victory norms by genre and decade,HistoricalWinBenchmark,SRC-10,60+ benchmark profiles,YES,10,YES,benchmark_id,genre_field_id,Statistical Aggregation Pipeline over Winner Data,DERIVED DATA,FEASIBLE_VERIFIED
grammy_winners_db,winner_press_releases,Official Academy press releases upon award presentation,WinnerPressReleaseBulletin,SRC-01;SRC-10,67+ ceremony bulletins,YES,10,YES,bulletin_id,ceremony_id,Recording Academy Communications Department,SOURCE DATA,FEASIBLE_VERIFIED
grammy_creators_db,artists,Solo performing vocalists and instrumentalists,MusicalArtist,SRC-03;SRC-04,2.3M+ artists (500+ prepped),YES,10,YES,artist_id,None,MusicBrainz / Wikidata,SECONDARY OPEN DATA,FEASIBLE_VERIFIED
grammy_creators_db,producers,Record producers and vocal producers,RecordProducer,SRC-03,50000+ producers (100+ prepped),YES,10,YES,producer_id,associated_record_label_id,MusicBrainz Core Data,SECONDARY OPEN DATA,FEASIBLE_VERIFIED
grammy_creators_db,audio_engineers,Recording mixing mastering and spatial audio engineers,AudioEngineer,SRC-03,40000+ engineers (100+ prepped),YES,10,YES,engineer_id,None,MusicBrainz / Audio Engineering Society,SECONDARY OPEN DATA,FEASIBLE_VERIFIED
grammy_creators_db,songwriters_composers,Lyricists composers and songwriters with PRO data,SongwriterComposer,SRC-03,100000+ songwriters (100+ prepped),YES,10,YES,songwriter_id,None,MusicBrainz / ASCAP / BMI,SECONDARY OPEN DATA,FEASIBLE_VERIFIED
grammy_creators_db,arrangers_conductors,Orchestral arrangers and symphony conductors,ArrangerConductor,SRC-03,20000+ arrangers (80+ prepped),YES,10,YES,arranger_id,None,MusicBrainz,SECONDARY OPEN DATA,FEASIBLE_VERIFIED
grammy_creators_db,record_labels,Commercial record companies imprints and distributors,CommercialRecordLabel,SRC-03,100000+ labels (100+ prepped),YES,10,YES,label_id,None,MusicBrainz Core Data (Labels),SECONDARY OPEN DATA,FEASIBLE_VERIFIED
grammy_creators_db,musical_groups,Bands duos vocal ensembles orchestras and choirs,MusicalPerformingGroup,SRC-03;SRC-04,150000+ groups (100+ prepped),YES,10,YES,group_id,None,MusicBrainz / Wikidata,SECONDARY OPEN DATA,FEASIBLE_VERIFIED
grammy_creators_db,group_memberships,Tenures linking individual artists into musical groups,GroupMembershipTenure,SRC-03;SRC-04,500000+ memberships (120+ prepped),YES,10,YES,membership_id,group_id;artist_id,MusicBrainz Relationship Graph,SECONDARY OPEN DATA,FEASIBLE_VERIFIED
grammy_creators_db,creator_collaborations,Recurrent artistic and production creative partnerships,CollaborativePartnership,SRC-03;SRC-10,150+ documented partnerships,YES,10,YES,collab_id,creator_id_1;creator_id_2,MusicBrainz / Nomination Co-Credits Join,DERIVED DATA,FEASIBLE_VERIFIED
grammy_creators_db,creator_discographies,Released master musical albums and singles by creators,CreatorReleaseCatalogEntry,SRC-03,1000+ release catalog entries,YES,10,YES,discography_id,creator_id;record_label_id,MusicBrainz / RIAA Certification Database,SECONDARY OPEN DATA,FEASIBLE_VERIFIED
