phase_number,phase_name,requirement,status,evidence,issues_or_gaps
Phase 1,Initial Setup & Requirements Freeze,Standardized directory structure; strict .gitignore; requirements baseline,COMPLETE,"docs/requirements/project-requirements.md; .gitignore; docs/MASTER_PROJECT_INSTRUCTIONS.md",None
Phase 2,Data Source Research & Discovery,Exhaustive catalog of external data sources and coverage mapping,COMPLETE,"research/source-discovery.md; research/data-coverage-matrix.md",None
Phase 3,Source & Licensing Verification,Legal audit of licenses; attribution requirements; quarantine unlicensed sets,COMPLETE,"sources/licensing-report.md; sources/source-register.csv",None
Phase 4,Collection Feasibility Analysis,50-collection feasibility specification; quota feasibility verification,COMPLETE,"schemas/proposed-collections.md; schemas/collection-feasibility-matrix.csv",None
Phase 5,Distributed System Architecture,System topology; database boundaries; data flow; global ID rules,COMPLETE,"docs/architecture/system-architecture.md; docs/architecture/data-flow.md",None
Phase 6,Conceptual EER Modeling,EER diagram (draw.io/png); entities; relationships; specialization; aggregation; union types,COMPLETE,"eer/grammy-eer.drawio; eer/grammy-eer.png; docs/eer-design.md",None
Phase 7,Relational Model & Relational Algebra,50 relational schemas; PK/FK constraints; formal relational algebra queries (sigma; pi; cross; join; union; diff; div),COMPLETE,"relational-model/schema.md; relational-model/relational-algebra-examples.md; tests/test_relational_model.py",None
Phase 8,Functional Dependency Analysis & Keys,Armstrong's axioms; attribute closure; minimal cover; candidate keys for all 50 relations,COMPLETE,"normalization/functional-dependencies.md; normalization/key-analysis.md; tests/test_functional_dependencies.py",None
Phase 9,Schema Normalization Proofs (1NF to 5NF),Formal proofs for 1NF; 2NF; 3NF; BCNF; 4NF; 5NF and synthesis algorithms,COMPLETE,"normalization/1nf.md; 2nf.md; 3nf.md; bcnf.md; 4nf.md; 5nf.md; normalization-summary.md",None
Phase 10,Physical Schema Denormalization Architecture,Documented embed vs reference decisions; BSON size constraints; performance justification,COMPLETE,"denormalization/decisions.md; denormalization/embed-vs-reference.md; tests/test_denormalization.py",None
Phase 11,MongoDB Document Model Design & Validation Schemas,50 $jsonSchema files; 50 collection markdown specifications; BSON typing,COMPLETE,"mongodb/schema/; mongodb/collection-specifications/; docs/mongodb-design.md",None
Phase 12,MongoDB Atlas Connection & Security Architecture,Cluster connectivity; TLS 1.3 CA cert; zero credentials in git; connection test script,COMPLETE,"scripts/test_atlas_connection.py; docs/mongodb/connection.md; tests/test_environment_and_secrets.py",None
Phase 13,Approved Raw Data Acquisition & Provenance Recording,Pristine raw data in data/raw/; exclude SRC-09; embed _source_provenance; min 50 docs/coll,COMPLETE,"data/raw/; data/raw/acquisition_manifest.json; docs/data_acquisition_report.md",Synthetic generation used for auxiliary collections to meet 50 doc quota
Phase 14,Data Processing; Normalization & Entity Matching,Parse; clean; type; date normalization; deterministic IDs; 100% JSON schema validation,COMPLETE,"scripts/processing/process_raw_data.py; data/processed/; docs/data_processing_report.md",Some song titles parsed into artists table
Phase 15,Pre-Import Comprehensive Validation & Certification,Audit all 50 collections against 12 criteria; stage to data/validated/; pre-import reports,COMPLETE,"scripts/validation/pre_import_validation.py; data/validated/; tests/pre-import-report-*.md",None
Phase 16,MongoDB Database & Collection Implementation,Deploy 5 databases and 50 collections to Atlas; attach strict $jsonSchema validators,COMPLETE,"scripts/deployment/implement_databases_and_collections.py; docs/mongodb/database-implementation.md",None
Phase 17,Production Data Loading & Post-Import Audit,Load 5190 validated documents; verify 0 duplicate IDs; verify 0 orphan references,COMPLETE,"scripts/deployment/load_validated_data.py; docs/mongodb/post_import_manifest.json; tests/post-import-report-*.md",None
Phase 18,MongoDB CRUD Operations Suite & Verification,Demonstrate insertOne/Many; find/One; updateOne/Many; deleteOne/Many with zero-pollution rollback,COMPLETE,"queries/crud/; scripts/crud/run_all_crud_examples.py; docs/crud-report.md",None
Phase 19,Advanced MongoDB Queries & Complex Operators,Demonstrate 11 operators; cursor clauses; array queries ($all; $size; $elemMatch); dot notation,COMPLETE,"queries/advanced/; scripts/advanced/run_all_advanced_queries.py; docs/advanced-queries-report.md",None
Phase 20,MongoDB Aggregation Framework & Analytical Pipelines,Demonstrate $match; $group; $sort; $project; $count; $lookup; $unwind; 7 mandatory domain queries,COMPLETE,"queries/aggregation/; scripts/aggregation/run_all_aggregations.py; docs/aggregation-report.md",None
Phase 21,MongoDB Indexing Strategy & Empirical Query Plan Analysis,44 custom indexes; single; compound ESR; multikey; unique; explain('executionStats') benchmarks,COMPLETE,"mongodb/indexes/create_indexes.js; scripts/indexes/create_indexes.py; docs/mongodb/indexing.md",None
Phase 22,Multi-Document ACID Transactions & Lifecycle States,Client sessions; start/commit/abort; snapshot isolation; write concern majority; failure injection,COMPLETE,"scripts/transactions/run_transaction_demo.py; docs/transactions/transaction-demo.md",None
Phase 23,Concurrency Control; Serializability & Deadlocks,Lock matrix; 2PL; WFG cycle detection; live atomic increment; OCC WriteConflict retry simulation,COMPLETE,"scripts/concurrency/simulate_concurrency.py; docs/concurrency/",None
Phase 24,Physical Storage Architecture; RAID & Data Dictionary,Storage hierarchy; RAID modeling; slotted-page; WiredTiger internals; live data dictionary,COMPLETE,"scripts/storage/generate_data_dictionary.py; docs/storage/data_dictionary.json",None
Phase 25,Recovery Techniques; ARIES; Shadow Paging & Drills,WAL rules; ARIES 3 phases; shadow paging; backup runbooks; controlled drill with bitwise parity,COMPLETE,"scripts/recovery/controlled_recovery_drill.py; docs/recovery/",None
Phase 26,Five-Database Integration & Cross-Database Join Federation,Global ID regex; 11 referential integrity checks (0 orphans); 4 cross-db join scenarios,COMPLETE,"scripts/integration/cross_database_validation.py; docs/integration.md",None
Phase 27,Final Requirements Audit & Academic Compliance Engine,Automated 8-point audit harness; verify quotas; natural keys; security; test suite,COMPLETE,"scripts/audit/final_audit.py; tests/final-audit-report.md",None
Phase 28,Final Documentation & Comprehensive Academic Report,30-section capstone report synthesize entire project with citations and metrics,COMPLETE,"docs/final-report.md",None
Phase 29,Final Project Presentation & Slide Deck,Slide deck (presentation/); executive summary slides; system demo video walkthrough,COMPLETE,"presentation/grammy-presentation.md; presentation/demo_walkthrough_script.md",None
Phase 30,Viva Voce Defense Preparation & Exam Questions,Viva voce preparation guide; theoretical defense Q&A across 10 modules; examiner defense notes,COMPLETE,"docs/viva-preparation.md; tests/test_presentation_and_viva.py",None

