module_number,module_title,syllabus_topic,evidence_artifact,implementation_type,status,notes
Module 1,Relational Query Languages & EER Models,Selection (sigma),"relational-model/relational-algebra-examples.md (Lines 56-94)",Query Specification & SQL Translation,PASS,Evaluated on edition_number >= 60 and runtime >= 2400
Module 1,Relational Query Languages & EER Models,Projection (pi),"relational-model/relational-algebra-examples.md (Lines 95-135)",Query Specification & SQL Translation,PASS,Evaluated on creator_id; stage_name; country
Module 1,Relational Query Languages & EER Models,Union (cup),"relational-model/relational-algebra-examples.md (Lines 260-299)",Query Specification & SQL Translation,PASS,Solo artists union Musical ensembles (union compatibility verified)
Module 1,Relational Query Languages & EER Models,Composition / Join (bowtie),"relational-model/relational-algebra-examples.md (Lines 160-258)",Query Specification & SQL Translation,PASS,Natural join; Theta join; Equi-join; Left Outer join demonstrated
Module 1,Relational Query Languages & EER Models,Cartesian Product (times),"relational-model/relational-algebra-examples.md (Lines 136-159)",Query Specification & SQL Translation,PASS,Era-to-Field theoretical cross product matrix
Module 1,Relational Query Languages & EER Models,Set Difference (-),"relational-model/relational-algebra-examples.md (Lines 300-355)",Query Specification & SQL Translation,PASS,Non-winning nominations (NE - WR); Nominated creators who never won
Module 1,Relational Query Languages & EER Models,Relational Division (divide),"relational-model/relational-algebra-examples.md (Lines 357-486)",Query Specification & SQL Translation,PASS,Big Four sweep completeness query expanded via pi; times; - primitives
Module 1,Relational Query Languages & EER Models,EER Modeling Concepts,"docs/eer-design.md; eer/grammy-eer.drawio",Conceptual Schema & Diagram,PASS,Entities; attributes; keys; relationships; min/max constraints
Module 1,Relational Query Languages & EER Models,ER/EER Diagram Render,"eer/grammy-eer.png (300 DPI)",Visual Graphical Model,PASS,High-resolution rendered architecture diagram
Module 1,Relational Query Languages & EER Models,Naming Conventions,"docs/eer-design.md; relational-model/schema.md",Design Standards,PASS,Consistent uppercase entity / lowercase relational naming conventions
Module 1,Relational Query Languages & EER Models,Attributes (Simple/Composite/Multivalued/Derived),"docs/eer-design.md (Section 3)",Attribute Taxonomy,PASS,All 4 attribute types explicitly classified with project examples
Module 1,Relational Query Languages & EER Models,Entities (Strong vs Weak),"docs/eer-design.md (Section 2)",Entity Taxonomy,PASS,Strong entities vs Weak entities (e.g. VIEWERSHIP_RATING identified by CEREMONY)
Module 1,Relational Query Languages & EER Models,Relationships & Cardinality (1:1; 1:N; M:N),"docs/eer-design.md (Section 4)",Structural Constraints,PASS,All 3 cardinalities formalized with min/max structural constraint notation
Module 1,Relational Query Languages & EER Models,Participation (Total vs Partial),"docs/eer-design.md (Section 4)",Participation Constraints,PASS,Double-line total participation vs single-line partial participation mapped
Module 1,Relational Query Languages & EER Models,Subclasses & Superclasses,"docs/eer-design.md (Section 5)",Specialization Hierarchies,PASS,Superclasses CREATOR; WORK; AWARD_CATEGORY with specialized subtypes
Module 1,Relational Query Languages & EER Models,Attribute & Relationship Inheritance,"docs/eer-design.md (Section 6)",Inheritance Principles,PASS,Subclasses inherit superclass PK and common attributes plus role-specific relationships
Module 1,Relational Query Languages & EER Models,Specialization (Overlapping vs Disjoint),"docs/eer-design.md (Section 5)",Completeness & Disjointness,PASS,Overlapping (o) on CREATOR; Disjoint (d) on WORK and AWARD_CATEGORY
Module 1,Relational Query Languages & EER Models,Generalization,"docs/eer-design.md (Section 5)",Bottom-up Abstraction,PASS,Generalization of competitive vs special merit award categories
Module 1,Relational Query Languages & EER Models,Conceptual Aggregation,"docs/eer-design.md (Section 7)",High-Level Relationship Abstraction,PASS,NOMINATION_CREDIT = AGGREGATE(CREATOR; WORK; CATEGORY) participating in AUDITED_BY
Module 1,Relational Query Languages & EER Models,Categories / Union Types,"docs/eer-design.md (Section 8)",Heterogeneous Collection Abstraction,PASS,AWARD_RECIPIENT = ARTIST union MUSICAL_GROUP with distinct primary keys
Module 2,Fundamentals of Normalization,Schema Refinement & Redundancy Analysis,"normalization/1nf.md; normalization/functional-dependencies.md",Theoretical Refinement Proof,PASS,Analysis of unnormalized relation U_UNF and storage waste
Module 2,Fundamentals of Normalization,Insertion Anomalies,"normalization/1nf.md; normalization/2nf.md",Anomaly Catalog,PASS,Cannot record new venue without staging a ceremony
Module 2,Fundamentals of Normalization,Update Anomalies,"normalization/2nf.md; normalization/3nf.md",Anomaly Catalog,PASS,Updating venue capacity requires modifying multiple ceremony rows
Module 2,Fundamentals of Normalization,Deletion Anomalies,"normalization/2nf.md; normalization/3nf.md",Anomaly Catalog,PASS,Deleting last ceremony at a venue purges all venue physical metadata
Module 2,Fundamentals of Normalization,Functional Dependencies (Definition & Formalism),"normalization/functional-dependencies.md (Section 1)",Mathematical Specification,PASS,25+ project domain functional dependencies X -> Y formalized
Module 2,Fundamentals of Normalization,Types of Functional Dependencies (Full/Partial/Transitive/Trivial),"normalization/functional-dependencies.md (Section 2)",FD Classification,PASS,Full vs partial vs transitive vs trivial FDs defined with project attributes
Module 2,Fundamentals of Normalization,Armstrong's Axioms & Secondary Rules,"normalization/functional-dependencies.md (Section 3)",Inference Axioms,PASS,Reflexivity; Augmentation; Transitivity; Union; Decomposition; Pseudotransitivity proofs
Module 2,Fundamentals of Normalization,Attribute Closure (X+),"normalization/functional-dependencies.md (Section 4)",Algorithm Implementation,PASS,Attribute closure algorithm trace on nomination and ceremony relations
Module 2,Fundamentals of Normalization,Minimal Cover (Fmin),"normalization/functional-dependencies.md (Section 5)",Algorithm Implementation,PASS,Canonical minimal cover algorithm eliminating extraneous attributes and redundant FDs
Module 2,Fundamentals of Normalization,Candidate Key Finding Algorithm,"normalization/key-analysis.md",Algorithm Implementation,PASS,Systematic derivation of candidate keys across all 50 system tables
Module 2,Fundamentals of Normalization,First Normal Form (1NF),"normalization/1nf.md",Normalization Proof,PASS,Elimination of non-atomic attributes and multi-value credit lists to atomic domains
Module 2,Fundamentals of Normalization,Second Normal Form (2NF),"normalization/2nf.md",Normalization Proof,PASS,Decomposition of partial key dependencies on composite keys via Heath's Theorem
Module 3,Advanced Normalization & Denormalization,Third Normal Form (3NF),"normalization/3nf.md",Normalization Proof,PASS,Removal of transitive dependencies X -> Y -> Z; Bernstein 3NF synthesis algorithm
Module 3,Advanced Normalization & Denormalization,Boyce-Codd Normal Form (BCNF),"normalization/bcnf.md",Normalization Proof,PASS,Superkey determinant rule; Deloitte audit slate case study; BCNF decomposition
Module 3,Advanced Normalization & Denormalization,Lossless Decomposition Proofs,"normalization/2nf.md; 3nf.md; bcnf.md",Mathematical Proof,PASS,Lossless join condition R1 intersect R2 -> (R1 - R2) or (R2 - R1) proven
Module 3,Advanced Normalization & Denormalization,Dependency Preservation Analysis,"normalization/3nf.md; normalization/bcnf.md",Mathematical Analysis,PASS,Evaluates F_D+ = F+; BCNF dependency preservation trade-off documented
Module 3,Advanced Normalization & Denormalization,Multivalued Dependencies (MVDs),"normalization/4nf.md",Mathematical Specification,PASS,Formal definition of X ->-> Y | Z and tuple proliferation cross-product anomalies
Module 3,Advanced Normalization & Denormalization,Fourth Normal Form (4NF),"normalization/4nf.md",Normalization Proof,PASS,Fagin's Theorem decomposition of independent artist instruments and PRO affiliations
Module 3,Advanced Normalization & Denormalization,Join Dependencies (JDs),"normalization/5nf.md",Mathematical Specification,PASS,Formal definition of *[R1; ...; Rn] and cyclic triadic constraints
Module 3,Advanced Normalization & Denormalization,Fifth Normal Form (5NF / PJNF),"normalization/5nf.md",Normalization Proof,PASS,Project-Join Normal Form proof with Aho-Beeri-Ullman tableau on producer/workflow
Module 3,Advanced Normalization & Denormalization,Controlled Denormalization Architecture,"denormalization/decisions.md",Architectural Strategy,PASS,12 concrete denormalization decisions evaluated across 8 mandatory criteria
Module 3,Advanced Normalization & Denormalization,Performance & Working-Set Justification,"denormalization/embed-vs-reference.md",Performance Modeling,PASS,Justifies BSON embedding to eliminate network joins under 16MB limit and RAM constraints
Module 4,Transactions in DBMS,Transaction Definition & Management,"docs/transactions/transaction-demo.md (Section 1)",Theoretical Formulation,PASS,Logical unit of work; multi-operation boundaries; client session lifecycle
Module 4,Transactions in DBMS,ACID Properties Analysis,"docs/transactions/transaction-demo.md (Section 3)",Theoretical & Empirical Analysis,PASS,Atomicity (all-or-nothing); Consistency (invariants); Isolation (snapshot); Durability (w:majority)
Module 4,Transactions in DBMS,Transaction Lifecycle & State Transitions,"docs/transactions/transaction-demo.md (Section 2)",Finite State Machine,PASS,Active -> Partially Committed -> Committed; Active -> Failed -> Aborted
Module 4,Transactions in DBMS,Schedules (Serial vs Non-Serial),"docs/transactions/transaction-demo.md; tests/test_transactions.py",Schedule Theory,PASS,Analysis of interleaved operations and serial execution equivalence
Module 4,Transactions in DBMS,Conflict Serializability & Precedence Graphs,"docs/transactions/transaction-demo.md; tests/test_transactions.py",Serializability Proof,PASS,Conflicting operations (R-W; W-R; W-W); cycle-free serialization graph
Module 4,Transactions in DBMS,View Serializability,"docs/concurrency/serializability.md",Theoretical Analysis,PASS,View equivalence conditions; NP-completeness proof; comparison with conflict serializability
Module 4,Transactions in DBMS,Concurrency Motivation,"docs/concurrency/concurrency.md",DBMS Motivation,PASS,Throughput maximization; resource utilization; latency reduction; concurrency anomalies
Module 4,Transactions in DBMS,COMMIT Operation,"scripts/transactions/run_transaction_demo.py (Scenario 1)",Live Implementation,PASS,commit_transaction() with majority consensus (73.42 ms commit latency)
Module 4,Transactions in DBMS,ROLLBACK Operation,"scripts/transactions/run_transaction_demo.py (Scenario 2)",Live Implementation,PASS,abort_transaction() on DuplicateKeyError; 100% atomicity preservation verified
Module 4,Transactions in DBMS,Transaction Failure Scenarios,"scripts/transactions/run_transaction_demo.py (Scenario 2)",Fault Injection,PASS,Injected duplicate candidate key triggers forced rollback; zero partial writes
Module 4,Transactions in DBMS,MongoDB Client Sessions & Multi-Doc Transactions,"scripts/transactions/run_transaction_demo.py",Live Implementation,PASS,client.start_session(); session.start_transaction(); WriteConcern(w='majority'; j=True)
Module 5,Concurrency Control,Shared Locks (S) & Exclusive Locks (X),"docs/concurrency/concurrency.md (Section 2)",Locking Primitives,PASS,Read shared lock vs Write exclusive lock; semantics and locking granularity
Module 5,Concurrency Control,Lock Compatibility Matrix & Conversion,"docs/concurrency/concurrency.md (Section 2)",Compatibility Rules,PASS,Complete IS; IX; S; SIX; X matrix; lock upgrade and lock downgrade rules
Module 5,Concurrency Control,Two-Phase Locking (Basic / Strict / Rigorous 2PL),"docs/concurrency/concurrency.md (Section 3)",Protocol Formalism,PASS,Growing phase; shrinking phase; Strict 2PL holding exclusive locks; Rigorous holding all locks
Module 5,Concurrency Control,Cascading Abort Elimination,"docs/concurrency/concurrency.md (Section 3)",Reliability Analysis,PASS,Proof that Strict 2PL guarantees recoverability and avoids cascading rollbacks
Module 5,Concurrency Control,Timestamp-Based Protocols & Thomas Write Rule,"docs/concurrency/concurrency.md (Section 4)",Protocol Formalism,PASS,Read/Write timestamps; Basic TO protocol; Thomas Write Rule obsolete write ignore
Module 5,Concurrency Control,Serializability & Precedence Testing,"docs/concurrency/serializability.md",Serializability Verification,PASS,Precedence graph construction and topological sorting for conflict serializability
Module 5,Concurrency Control,Deadlock Concepts & Coffman Conditions,"docs/concurrency/deadlocks.md (Section 1)",Deadlock Characterization,PASS,Mutual exclusion; hold-and-wait; no preemption; circular wait conditions
Module 5,Concurrency Control,Wait-For Graph (WFG) & Cycle Detection,"scripts/concurrency/simulate_concurrency.py",Algorithm Implementation,PASS,WFG cycle detection algorithm identifying deadlocks in resource allocation
Module 5,Concurrency Control,Deadlock Handling Methods (Wait-Die / Wound-Wait),"docs/concurrency/deadlocks.md (Section 3)",Deadlock Resolution,PASS,Timestamp-based preemption protocols; victim selection and abort policies
Module 5,Concurrency Control,MongoDB WiredTiger Concurrency vs Textbook Theory,"docs/concurrency/concurrency.md (Section 5)",Comparative Systems Analysis,PASS,Contrasts pessimistic 2PL with WiredTiger lock-free document MVCC and OCC WriteConflict
Module 5,Concurrency Control,Live Concurrent Execution Demonstration,"scripts/concurrency/simulate_concurrency.py",Live Implementation,PASS,Simulates 8 concurrent threads executing atomic increments without lost updates
Module 6,Storage and File Structure,Physical Storage Hierarchy & Memory Sizing,"docs/storage/storage-architecture.md (Section 1)",Hardware Architecture,PASS,CPU L1/L2/L3 cache; RAM; NVMe SSD; HDD access latencies and memory hierarchy
Module 6,Storage and File Structure,RAID Architectures & Trade-Off Modeling,"docs/storage/storage-architecture.md (Section 2)",Storage Subsystems,PASS,RAID 0; 1; 5; 6; 10 evaluation; write penalty equations (RAID 5: 4 I/Os; RAID 6: 6 I/Os)
Module 6,Storage and File Structure,File Organization Paradigms,"docs/storage/dbms-storage-concepts.md (Section 2)",File Organization,PASS,Heap files; Sorted/Sequential files; Hashed files; Clustered files analyzed
Module 6,Storage and File Structure,Record Organization (Fixed vs Variable Length),"docs/storage/dbms-storage-concepts.md (Section 1)",Record Formats,PASS,Fixed-length offsets vs variable-length delimiters; null bitmaps; byte alignment
Module 6,Storage and File Structure,Slotted-Page Architecture & Block Headers,"docs/storage/dbms-storage-concepts.md (Section 1)",Page Packing Mechanics,PASS,Slot array; record pointers; free space pointer; fragmentation; stable RID pointers
Module 6,Storage and File Structure,Storage Index Structures (B+ Trees vs LSM Trees),"docs/storage/dbms-storage-concepts.md (Section 3)",Index Data Structures,PASS,B+ Tree fan-out and range traversal vs LSM-Tree SSTables and write amplification
Module 6,Storage and File Structure,System Catalog; Metadata & Data Dictionary,"scripts/storage/generate_data_dictionary.py; docs/storage/data_dictionary.json",Live System Introspection,PASS,Automated extraction of collection metrics; index sizes; document counts for all 50 collections
Module 6,Storage and File Structure,WiredTiger Storage Engine Internals,"docs/storage/storage-architecture.md (Section 3)",Storage Engine Architecture,PASS,In-memory uncompressed cache; background eviction (80/20/95%); Snappy compression (32.9% savings)
Module 6,Storage and File Structure,Index/Storage Relationship & Footprint Analysis,"docs/storage/storage-architecture.md (Section 4)",Empirical Measurement,PASS,Data size: 4.06 MB uncompressed; 2.72 MB compressed storage; 3.15 MB index footprint
Module 7,Database Recovery Techniques,Failure Classification (Transaction / System / Media / Catastrophic),"docs/recovery/failure-scenarios.md (Section 1)",Failure Taxonomy,PASS,Volatile memory vs non-volatile storage failure taxonomy
Module 7,Database Recovery Techniques,Write-Ahead Logging (WAL) Invariants,"docs/recovery/backup-restore.md (Section 1)",Logging Theory,PASS,Write-Ahead Undo rule (undo before disk flush); Commit Redo rule (journal before commit ack)
Module 7,Database Recovery Techniques,Log Record Structure (<T; X; V_old; V_new>),"docs/recovery/backup-restore.md (Section 1)",Log Record Specification,PASS,Transaction ID; data item; before-image; after-image; LSN chaining
Module 7,Database Recovery Techniques,Undo and Redo Operations,"docs/recovery/backup-restore.md (Section 2)",Recovery Operations,PASS,Idempotence of REDO; rollback via UNDO; compensation log records (CLRs)
Module 7,Database Recovery Techniques,Checkpointing Strategies (Strict vs Fuzzy Checkpoints),"docs/recovery/backup-restore.md (Section 3)",Checkpointing Mechanics,PASS,Quiescent strict checkpointing vs non-quiescent fuzzy checkpointing with active transaction table
Module 7,Database Recovery Techniques,ARIES Recovery Algorithm,"docs/recovery/backup-restore.md (Section 4)",Algorithm Formalism,PASS,Analysis Phase; Redo Phase ('Repeating History'); Undo Phase with CLRs
Module 7,Database Recovery Techniques,Shadow Paging vs Log-Based Recovery,"docs/recovery/backup-restore.md (Section 5)",Comparative Architecture,PASS,Dual page directory mechanics; zero undo logging vs page relocation fragmentation
Module 7,Database Recovery Techniques,Backup Strategies & Point-in-Time Recovery (PITR),"docs/recovery/recovery-plan.md; backup-restore.md",Operational Strategy,PASS,Full (mongodump); incremental; oplog streaming for continuous point-in-time recovery
Module 7,Database Recovery Techniques,Catastrophic Failure Recovery Playbook,"docs/recovery/recovery-plan.md (Section 3)",Disaster Recovery,PASS,RPO <= 1s; RTO <= 30s SLAs; 3-node replica set failover; 4-tier escalation runbooks
Module 7,Database Recovery Techniques,MongoDB / Atlas Backup & Restore Capabilities,"docs/recovery/backup-restore.md (Section 6)",Cloud Disaster Recovery,PASS,WiredTiger 100MB journals; 60s fuzzy checkpoints; Atlas cloud snapshots
Module 7,Database Recovery Techniques,Controlled Recovery Drill with Bitwise Parity,"scripts/recovery/controlled_recovery_drill.py",Live Implementation,PASS,Simulates snapshot -> corruption -> restore; verifies bitwise SHA-256 parity
Module 8,Introduction to NoSQL & MongoDB,NoSQL Definition & Core Characteristics,"docs/final-report.md (Section 14)",NoSQL Foundations,PASS,Schema flexibility; horizontal scalability; high throughput; distributed clustering
Module 8,Introduction to NoSQL & MongoDB,Relational vs NoSQL Comprehensive Comparison,"docs/mongodb-design.md (Section 1)",Comparative DBMS Study,PASS,Fixed schema vs polymorphic BSON; table joins vs embedded subdocuments; ACID vs BASE
Module 8,Introduction to NoSQL & MongoDB,Types of NoSQL Databases,"docs/final-report.md (Section 14)",Database Taxonomies,PASS,Key-Value (Redis); Document (MongoDB); Column-Family (Cassandra); Graph (Neo4j)
Module 8,Introduction to NoSQL & MongoDB,CAP Theorem & PACELC Theorem,"docs/syllabus_mapping.md (Module 8)",Distributed Systems Theory,PASS,Consistency vs Availability during partition; Latency vs Consistency during normal execution
Module 8,Introduction to NoSQL & MongoDB,MongoDB Architecture & WiredTiger Engine,"docs/mongodb-design.md; docs/storage/storage-architecture.md",Architecture Specification,PASS,BSON binary serialization; lock-free reader concurrency; memory cache; write-ahead journal
Module 8,Introduction to NoSQL & MongoDB,MongoDB Atlas Deployment Topology,"docs/mongodb/connection.md",Cloud Deployment,PASS,3-node replica set (Primary + 2 Secondaries); automated election; multi-AZ availability
Module 8,Introduction to NoSQL & MongoDB,MongoDB Compass GUI & Profiler,"docs/mongodb/connection.md",Diagnostic Tooling,PASS,Visual schema analysis; real-time performance profiler; slow query logs
Module 8,Introduction to NoSQL & MongoDB,Environment Setup & Connection Verification,"scripts/test_atlas_connection.py; tests/test_environment_and_secrets.py",Live Verification,PASS,PyMongo administrative ping; certifi TLS 1.3 CA cert; zero hardcoded secrets verified
Module 9,MongoDB CRUD Operations,Database & Collection Management,"scripts/deployment/implement_databases_and_collections.py",DDL Implementation,PASS,Creation of 5 databases and 50 collections with strict $jsonSchema validators
Module 9,MongoDB CRUD Operations,Create Operations (insertOne; insertMany),"queries/crud/; scripts/crud/run_all_crud_examples.py",Live Implementation,PASS,Single and bulk inserts executed across all 5 databases with schema validation
Module 9,MongoDB CRUD Operations,Read Operations (find; findOne),"queries/crud/; scripts/crud/run_all_crud_examples.py",Live Implementation,PASS,Point lookups and range scans demonstrated across all 5 databases
Module 9,MongoDB CRUD Operations,Update Operations (updateOne; updateMany),"queries/crud/; scripts/crud/run_all_crud_examples.py",Live Implementation,PASS,Atomic $set and multi-document updates executed across all 5 databases
Module 9,MongoDB CRUD Operations,Delete Operations (deleteOne; deleteMany),"queries/crud/; scripts/crud/run_all_crud_examples.py",Live Implementation,PASS,Deterministic cleanup and targeted deletions demonstrated across all 5 databases
Module 9,MongoDB CRUD Operations,Filtering & Projections,"queries/crud/; docs/crud-report.md",Query Features,PASS,Inclusive projection; _id: 0 suppression; complex field filtering demonstrated
Module 9,MongoDB CRUD Operations,Import & Export Tools,"docs/crud-report.md (Section 6)",Data Tooling,PASS,Documented mongoimport; mongoexport; Python BSON streaming workflows
Module 10,Advanced Querying & Aggregation,Comparison Operators ($eq; $ne; $gt; $gte; $lt; $lte; $in; $nin),"queries/advanced/; scripts/advanced/run_all_advanced_queries.py",Live Implementation,PASS,All 8 comparison operators verified live against Atlas cluster
Module 10,Advanced Querying & Aggregation,Conditional & Logical Operators ($and; $or; $not; $nor),"queries/advanced/; scripts/advanced/run_all_advanced_queries.py",Live Implementation,PASS,All 4 logical operators verified live against Atlas cluster
Module 10,Advanced Querying & Aggregation,Cursor Features (sort; limit; skip; projection),"queries/advanced/; scripts/advanced/run_all_advanced_queries.py",Live Implementation,PASS,Cursor pagination and multi-key sorting verified live against Atlas cluster
Module 10,Advanced Querying & Aggregation,Complex Array Queries ($all; $size; $elemMatch; Positional .0),"queries/advanced/; scripts/advanced/run_all_advanced_queries.py",Live Implementation,PASS,Array containment; cardinality; element matching; positional indexing verified
Module 10,Advanced Querying & Aggregation,Embedded Document Dot Notation Queries,"queries/advanced/; scripts/advanced/run_all_advanced_queries.py",Live Implementation,PASS,Queries on nested _source_provenance subdocuments verified
Module 10,Advanced Querying & Aggregation,Aggregation Framework Pipeline Architecture,"docs/aggregation-report.md (Section 1)",Architecture Specification,PASS,Data-flow pipeline; streaming stages; memory restrictions (100MB RAM limit)
Module 10,Advanced Querying & Aggregation,Aggregation Stages ($match; $group; $sort; $project; $count; $lookup; $unwind),"queries/aggregation/; scripts/aggregation/run_all_aggregations.py",Live Implementation,PASS,All 7 required pipeline stages verified across 10 analytical scripts
Module 10,Advanced Querying & Aggregation,Mandatory Domain Aggregation Queries (7 Core Pipelines),"queries/aggregation/; docs/aggregation-report.md",Live Analytical Pipelines,PASS,Nominations per artist; Wins per artist; Wins by category; Trends by decade; Multi-winners
Module 10,Advanced Querying & Aggregation,Database Indexing Strategy (Single; Compound ESR; Multikey; Unique),"mongodb/indexes/create_indexes.js; scripts/indexes/create_indexes.py",Live Database Optimization,PASS,44 custom indexes active on Atlas (22 single; 14 compound ESR; 8 multikey; 14 unique)
Module 10,Advanced Querying & Aggregation,Empirical Query Plan Optimization (explain executionStats),"docs/mongodb/indexing.md; docs/mongodb/indexing_benchmarks.json",Query Profiling,PASS,Verified COLLSCAN to IXSCAN elimination and up to 99.8% reduction in docsExamined
